codigo_municipio;municipio;braide_votos;braide_%_entre_os_dois;orleans_votos;orleans_%_entre_os_dois;diferenca_braide_menos_orleans;lider;fonte;camarao_votos;outros_votos;anulados_sub_judice;brancos;nulos;validos_tse;braide_%_validos;orleans_%_validos;camarao_%_validos
07013;AFONSO CUNHA;3756;72,55;1421;27,45;2335;Eduardo Braide;https://resultados.tse.jus.br/oficial/ele2026/6259/dados/ma/ma07013-c0003-e006259-u.jws;561;6;7;59;225;5751;65,31;24,71;9,75
07030;ALCÂNTARA;8533;74,12;2979;25,88;5554;Eduardo Braide;https://resultados.tse.jus.br/oficial/ele2026/6259/dados/ma/ma07030-c0003-e006259-u.jws;1938;32;41;426;438;13523;63,10;22,03;14,33
07056;ALDEIAS ALTAS;4507;44,68;5581;55,32;-1074;Orleans Brandão;https://resultados.tse.jus.br/oficial/ele2026/6259/dados/ma/ma07056-c0003-e006259-u.jws;2600;37;49;320;1020;12774;35,28;43,69;20,35
07072;ALTAMIRA DO MARANHÃO;1699;43,28;2227;56,72;-528;Orleans Brandão;https://resultados.tse.jus.br/oficial/ele2026/6259/dados/ma/ma07072-c0003-e006259-u.jws;270;13;18;53;208;4227;40,19;52,69;6,39
07021;ALTO ALEGRE DO MARANHÃO;7246;57,80;5291;42,20;1955;Eduardo Braide;https://resultados.tse.jus.br/oficial/ele2026/6259/dados/ma/ma07021-c0003-e006259-u.jws;955;20;48;188;647;13560;53,44;39,02;7,04
07048;ALTO ALEGRE DO PINDARÉ;9155;68,50;4209;31,50;4946;Eduardo Braide;https://resultados.tse.jus.br/oficial/ele2026/6259/dados/ma/ma07048-c0003-e006259-u.jws;1150;36;108;242;771;14658;62,46;28,71;7,85
07099;ALTO PARNAÍBA;2252;43,44;2932;56,56;-680;Orleans Brandão;https://resultados.tse.jus.br/oficial/ele2026/6259/dados/ma/ma07099-c0003-e006259-u.jws;524;14;32;149;442;5754;39,14;50,96;9,11
07080;AMAPÁ DO MARANHÃO;1671;45,61;1993;54,39;-322;Orleans Brandão;https://resultados.tse.jus.br/oficial/ele2026/6259/dados/ma/ma07080-c0003-e006259-u.jws;375;14;19;67;249;4072;41,04;48,94;9,21
07110;AMARANTE DO MARANHÃO;9455;50,37;9317;49,63;138;Eduardo Braide;https://resultados.tse.jus.br/oficial/ele2026/6259/dados/ma/ma07110-c0003-e006259-u.jws;1941;37;337;295;1277;21087;44,84;44,18;9,20
07137;ANAJATUBA;9126;62,98;5365;37,02;3761;Eduardo Braide;https://resultados.tse.jus.br/oficial/ele2026/6259/dados/ma/ma07137-c0003-e006259-u.jws;1221;13;53;281;508;15778;57,84;34,00;7,74
07153;ANAPURUS;5161;53,12;4555;46,88;606;Eduardo Braide;https://resultados.tse.jus.br/oficial/ele2026/6259/dados/ma/ma07153-c0003-e006259-u.jws;978;19;30;340;587;10743;48,04;42,40;9,10
07064;APICUM-AÇU;6403;66,04;3292;33,96;3111;Eduardo Braide;https://resultados.tse.jus.br/oficial/ele2026/6259/dados/ma/ma07064-c0003-e006259-u.jws;616;13;25;190;327;10349;61,87;31,81;5,95
07102;ARAGUANÃ;3214;67,27;1564;32,73;1650;Eduardo Braide;https://resultados.tse.jus.br/oficial/ele2026/6259/dados/ma/ma07102-c0003-e006259-u.jws;1024;13;23;103;250;5838;55,05;26,79;17,54
07170;ARAIOSES;6784;35,61;12269;64,39;-5485;Orleans Brandão;https://resultados.tse.jus.br/oficial/ele2026/6259/dados/ma/ma07170-c0003-e006259-u.jws;3132;135;214;1660;1768;22534;30,11;54,45;13,90
09679;ARAME;8110;57,57;5977;42,43;2133;Eduardo Braide;https://resultados.tse.jus.br/oficial/ele2026/6259/dados/ma/ma09679-c0003-e006259-u.jws;1624;33;85;176;749;15829;51,24;37,76;10,26
07196;ARARI;10775;67,96;5079;32,04;5696;Eduardo Braide;https://resultados.tse.jus.br/oficial/ele2026/6259/dados/ma/ma07196-c0003-e006259-u.jws;1313;56;87;529;599;17310;62,25;29,34;7,59
07218;AXIXÁ;4000;45,90;4714;54,10;-714;Orleans Brandão;https://resultados.tse.jus.br/oficial/ele2026/6259/dados/ma/ma07218-c0003-e006259-u.jws;498;10;24;143;254;9246;43,26;50,98;5,39
09610;AÇAILÂNDIA;27237;60,07;18105;39,93;9132;Eduardo Braide;https://resultados.tse.jus.br/oficial/ele2026/6259/dados/ma/ma09610-c0003-e006259-u.jws;6409;304;5422;2323;3384;57477;47,39;31,50;11,15
07234;BACABAL;27779;57,59;20454;42,41;7325;Eduardo Braide;https://resultados.tse.jus.br/oficial/ele2026/6259/dados/ma/ma07234-c0003-e006259-u.jws;5017;183;874;1988;2801;54307;51,15;37,66;9,24
07129;BACABEIRA;8391;74,49;2873;25,51;5518;Eduardo Braide;https://resultados.tse.jus.br/oficial/ele2026/6259/dados/ma/ma07129-c0003-e006259-u.jws;1085;18;42;389;408;12409;67,62;23,15;8,74
07250;BACURI;5546;58,23;3979;41,77;1567;Eduardo Braide;https://resultados.tse.jus.br/oficial/ele2026/6259/dados/ma/ma07250-c0003-e006259-u.jws;814;15;37;138;351;10391;53,37;38,29;7,83
07145;BACURITUBA;2276;62,75;1351;37,25;925;Eduardo Braide;https://resultados.tse.jus.br/oficial/ele2026/6259/dados/ma/ma07145-c0003-e006259-u.jws;252;7;4;61;127;3890;58,51;34,73;6,48
07277;BALSAS;32224;74,59;10975;25,41;21249;Eduardo Braide;https://resultados.tse.jus.br/oficial/ele2026/6259/dados/ma/ma07277-c0003-e006259-u.jws;4681;280;3913;1861;2946;52073;61,88;21,08;8,99
07315;BARRA DO CORDA;24886;59,31;17076;40,69;7810;Eduardo Braide;https://resultados.tse.jus.br/oficial/ele2026/6259/dados/ma/ma07315-c0003-e006259-u.jws;4314;140;737;1623;2395;47153;52,78;36,21;9,15
07331;BARREIRINHAS;16077;40,98;23154;59,02;-7077;Orleans Brandão;https://resultados.tse.jus.br/oficial/ele2026/6259/dados/ma/ma07331-c0003-e006259-u.jws;2472;59;114;593;1338;41876;38,39;55,29;5,90
07293;BARÃO DE GRAJAÚ;4418;47,61;4862;52,39;-444;Orleans Brandão;https://resultados.tse.jus.br/oficial/ele2026/6259/dados/ma/ma07293-c0003-e006259-u.jws;2181;36;66;597;694;11563;38,21;42,05;18,86
07188;BELA VISTA DO MARANHÃO;3503;51,97;3238;48,03;265;Eduardo Braide;https://resultados.tse.jus.br/oficial/ele2026/6259/dados/ma/ma07188-c0003-e006259-u.jws;837;8;41;134;356;7627;45,93;42,45;10,97
07161;BELÁGUA;1924;33,00;3907;67,00;-1983;Orleans Brandão;https://resultados.tse.jus.br/oficial/ele2026/6259/dados/ma/ma07161-c0003-e006259-u.jws;475;8;8;46;220;6322;30,43;61,80;7,51
07358;BENEDITO LEITE;1151;35,03;2135;64,97;-984;Orleans Brandão;https://resultados.tse.jus.br/oficial/ele2026/6259/dados/ma/ma07358-c0003-e006259-u.jws;215;5;17;48;186;3523;32,67;60,60;6,10
07374;BEQUIMÃO;8057;63,75;4582;36,25;3475;Eduardo Braide;https://resultados.tse.jus.br/oficial/ele2026/6259/dados/ma/ma07374-c0003-e006259-u.jws;1133;25;16;358;484;13813;58,33;33,17;8,20
07200;BERNARDO DO MEARIM;1560;43,23;2049;56,77;-489;Orleans Brandão;https://resultados.tse.jus.br/oficial/ele2026/6259/dados/ma/ma07200-c0003-e006259-u.jws;268;6;25;93;197;3908;39,92;52,43;6,86
07323;BOA VISTA DO GURUPI;1787;41,77;2491;58,23;-704;Orleans Brandão;https://resultados.tse.jus.br/oficial/ele2026/6259/dados/ma/ma07323-c0003-e006259-u.jws;595;14;26;51;242;4913;36,37;50,70;12,11
09555;BOM JARDIM;7771;45,93;9150;54,07;-1379;Orleans Brandão;https://resultados.tse.jus.br/oficial/ele2026/6259/dados/ma/ma09555-c0003-e006259-u.jws;2286;70;161;397;1070;19438;39,98;47,07;11,76
07269;BOM JESUS DAS SELVAS;7081;54,98;5798;45,02;1283;Eduardo Braide;https://resultados.tse.jus.br/oficial/ele2026/6259/dados/ma/ma07269-c0003-e006259-u.jws;1197;33;226;212;816;14335;49,40;40,45;8,35
07285;BOM LUGAR;6656;81,16;1545;18,84;5111;Eduardo Braide;https://resultados.tse.jus.br/oficial/ele2026/6259/dados/ma/ma07285-c0003-e006259-u.jws;620;5;51;168;267;8877;74,98;17,40;6,98
07390;BREJO;10986;62,28;6654;37,72;4332;Eduardo Braide;https://resultados.tse.jus.br/oficial/ele2026/6259/dados/ma/ma07390-c0003-e006259-u.jws;1475;31;114;485;950;19260;57,04;34,55;7,66
07307;BREJO DE AREIA;2703;48,96;2818;51,04;-115;Orleans Brandão;https://resultados.tse.jus.br/oficial/ele2026/6259/dados/ma/ma07307-c0003-e006259-u.jws;314;10;24;67;324;5869;46,06;48,01;5,35
07412;BURITI;4894;33,91;9539;66,09;-4645;Orleans Brandão;https://resultados.tse.jus.br/oficial/ele2026/6259/dados/ma/ma07412-c0003-e006259-u.jws;1940;42;41;546;860;16456;29,74;57,97;11,79
07439;BURITI BRAVO;4679;40,25;6946;59,75;-2267;Orleans Brandão;https://resultados.tse.jus.br/oficial/ele2026/6259/dados/ma/ma07439-c0003-e006259-u.jws;939;30;47;271;825;12641;37,01;54,95;7,43
07340;BURITICUPU;15943;62,76;9462;37,24;6481;Eduardo Braide;https://resultados.tse.jus.br/oficial/ele2026/6259/dados/ma/ma07340-c0003-e006259-u.jws;4331;108;900;512;1719;30744;51,86;30,78;14,09
07366;BURITIRANA;3604;49,45;3684;50,55;-80;Orleans Brandão;https://resultados.tse.jus.br/oficial/ele2026/6259/dados/ma/ma07366-c0003-e006259-u.jws;682;24;178;185;487;8172;44,10;45,08;8,35
07226;CACHOEIRA GRANDE;3278;52,14;3009;47,86;269;Eduardo Braide;https://resultados.tse.jus.br/oficial/ele2026/6259/dados/ma/ma07226-c0003-e006259-u.jws;453;9;14;45;202;6763;48,47;44,49;6,70
07455;CAJAPIÓ;3046;46,66;3482;53,34;-436;Orleans Brandão;https://resultados.tse.jus.br/oficial/ele2026/6259/dados/ma/ma07455-c0003-e006259-u.jws;692;8;7;126;245;7235;42,10;48,13;9,56
07471;CAJARI;5813;55,13;4732;44,87;1081;Eduardo Braide;https://resultados.tse.jus.br/oficial/ele2026/6259/dados/ma/ma07471-c0003-e006259-u.jws;1310;26;18;223;363;11899;48,85;39,77;11,01
07382;CAMPESTRE DO MARANHÃO;3352;52,18;3072;47,82;280;Eduardo Braide;https://resultados.tse.jus.br/oficial/ele2026/6259/dados/ma/ma07382-c0003-e006259-u.jws;844;12;104;148;259;7384;45,40;41,60;11,43
07510;CANTANHEDE;5542;57,09;4165;42,91;1377;Eduardo Braide;https://resultados.tse.jus.br/oficial/ele2026/6259/dados/ma/ma07510-c0003-e006259-u.jws;787;33;17;224;429;10544;52,56;39,50;7,46
07404;CAPINZAL DO NORTE;2733;46,62;3129;53,38;-396;Orleans Brandão;https://resultados.tse.jus.br/oficial/ele2026/6259/dados/ma/ma07404-c0003-e006259-u.jws;606;13;24;167;435;6505;42,01;48,10;9,32
07536;CAROLINA;7698;68,24;3582;31,76;4116;Eduardo Braide;https://resultados.tse.jus.br/oficial/ele2026/6259/dados/ma/ma07536-c0003-e006259-u.jws;1572;41;318;392;836;13211;58,27;27,11;11,90
07552;CARUTAPERA;7157;60,12;4747;39,88;2410;Eduardo Braide;https://resultados.tse.jus.br/oficial/ele2026/6259/dados/ma/ma07552-c0003-e006259-u.jws;1900;36;63;305;683;13903;51,48;34,14;13,67
07579;CAXIAS;35176;55,98;27659;44,02;7517;Eduardo Braide;https://resultados.tse.jus.br/oficial/ele2026/6259/dados/ma/ma07579-c0003-e006259-u.jws;17913;549;880;3725;4492;82177;42,81;33,66;21,80
07595;CEDRAL;3513;51,69;3283;48,31;230;Eduardo Braide;https://resultados.tse.jus.br/oficial/ele2026/6259/dados/ma/ma07595-c0003-e006259-u.jws;384;12;19;144;218;7211;48,72;45,53;5,33
07420;CENTRAL DO MARANHÃO;2465;48,19;2650;51,81;-185;Orleans Brandão;https://resultados.tse.jus.br/oficial/ele2026/6259/dados/ma/ma07420-c0003-e006259-u.jws;401;4;6;49;215;5526;44,61;47,96;7,26
07447;CENTRO DO GUILHERME;3572;64,75;1945;35,25;1627;Eduardo Braide;https://resultados.tse.jus.br/oficial/ele2026/6259/dados/ma/ma07447-c0003-e006259-u.jws;779;13;19;116;235;6328;56,45;30,74;12,31
07463;CENTRO NOVO DO MARANHÃO;5661;70,60;2357;29,40;3304;Eduardo Braide;https://resultados.tse.jus.br/oficial/ele2026/6259/dados/ma/ma07463-c0003-e006259-u.jws;947;24;33;142;430;9022;62,75;26,13;10,50
07617;CHAPADINHA;26900;68,54;12345;31,46;14555;Eduardo Braide;https://resultados.tse.jus.br/oficial/ele2026/6259/dados/ma/ma07617-c0003-e006259-u.jws;4618;110;289;1691;2093;44262;60,77;27,89;10,43
07480;CIDELÂNDIA;2662;40,80;3863;59,20;-1201;Orleans Brandão;https://resultados.tse.jus.br/oficial/ele2026/6259/dados/ma/ma07480-c0003-e006259-u.jws;1180;22;291;190;409;8018;33,20;48,18;14,72
07633;CODÓ;28242;57,89;20544;42,11;7698;Eduardo Braide;https://resultados.tse.jus.br/oficial/ele2026/6259/dados/ma/ma07633-c0003-e006259-u.jws;7355;220;284;1870;3432;56645;49,86;36,27;12,98
07650;COELHO NETO;8735;43,00;11578;57,00;-2843;Orleans Brandão;https://resultados.tse.jus.br/oficial/ele2026/6259/dados/ma/ma07650-c0003-e006259-u.jws;3305;73;151;855;1107;23842;36,64;48,56;13,86
07676;COLINAS;8094;40,08;12099;59,92;-4005;Orleans Brandão;https://resultados.tse.jus.br/oficial/ele2026/6259/dados/ma/ma07676-c0003-e006259-u.jws;1100;23;24;175;971;21340;37,93;56,70;5,15
07501;CONCEIÇÃO DO LAGO-AÇU;4367;54,11;3704;45,89;663;Eduardo Braide;https://resultados.tse.jus.br/oficial/ele2026/6259/dados/ma/ma07501-c0003-e006259-u.jws;713;13;61;83;401;8858;49,30;41,82;8,05
07692;COROATÁ;15573;52,02;14365;47,98;1208;Eduardo Braide;https://resultados.tse.jus.br/oficial/ele2026/6259/dados/ma/ma07692-c0003-e006259-u.jws;2214;70;124;546;1742;32346;48,15;44,41;6,84
07714;CURURUPU;11188;65,65;5855;34,35;5333;Eduardo Braide;https://resultados.tse.jus.br/oficial/ele2026/6259/dados/ma/ma07714-c0003-e006259-u.jws;1745;23;55;674;623;18866;59,30;31,03;9,25
07498;CÂNDIDO MENDES;5883;56,11;4602;43,89;1281;Eduardo Braide;https://resultados.tse.jus.br/oficial/ele2026/6259/dados/ma/ma07498-c0003-e006259-u.jws;1494;21;59;209;604;12059;48,79;38,16;12,39
07242;DAVINÓPOLIS;3992;49,42;4085;50,58;-93;Orleans Brandão;https://resultados.tse.jus.br/oficial/ele2026/6259/dados/ma/ma07242-c0003-e006259-u.jws;1087;49;156;182;311;9369;42,61;43,60;11,60
07730;DOM PEDRO;7863;61,52;4918;38,48;2945;Eduardo Braide;https://resultados.tse.jus.br/oficial/ele2026/6259/dados/ma/ma07730-c0003-e006259-u.jws;764;30;103;325;613;13678;57,49;35,96;5,59
07757;DUQUE BACELAR;2653;41,21;3784;58,79;-1131;Orleans Brandão;https://resultados.tse.jus.br/oficial/ele2026/6259/dados/ma/ma07757-c0003-e006259-u.jws;926;26;18;211;304;7407;35,82;51,09;12,50
07773;ESPERANTINÓPOLIS;4468;44,28;5623;55,72;-1155;Orleans Brandão;https://resultados.tse.jus.br/oficial/ele2026/6259/dados/ma/ma07773-c0003-e006259-u.jws;839;24;45;202;521;10999;40,62;51,12;7,63
09636;ESTREITO;10557;70,01;4523;29,99;6034;Eduardo Braide;https://resultados.tse.jus.br/oficial/ele2026/6259/dados/ma/ma09636-c0003-e006259-u.jws;2158;95;371;383;917;17704;59,63;25,55;12,19
07528;FEIRA NOVA DO MARANHÃO;2314;53,86;1982;46,14;332;Eduardo Braide;https://resultados.tse.jus.br/oficial/ele2026/6259/dados/ma/ma07528-c0003-e006259-u.jws;474;4;29;77;331;4803;48,18;41,27;9,87
07544;FERNANDO FALCÃO;2496;40,09;3730;59,91;-1234;Orleans Brandão;https://resultados.tse.jus.br/oficial/ele2026/6259/dados/ma/ma07544-c0003-e006259-u.jws;1324;4;32;101;273;7586;32,90;49,17;17,45
07560;FORMOSA DA SERRA NEGRA;7308;71,72;2882;28,28;4426;Eduardo Braide;https://resultados.tse.jus.br/oficial/ele2026/6259/dados/ma/ma07560-c0003-e006259-u.jws;624;19;52;131;699;10885;67,14;26,48;5,73
07790;FORTALEZA DOS NOGUEIRAS;4019;52,15;3688;47,85;331;Eduardo Braide;https://resultados.tse.jus.br/oficial/ele2026/6259/dados/ma/ma07790-c0003-e006259-u.jws;526;10;56;140;381;8299;48,43;44,44;6,34
07811;FORTUNA;4031;46,93;4558;53,07;-527;Orleans Brandão;https://resultados.tse.jus.br/oficial/ele2026/6259/dados/ma/ma07811-c0003-e006259-u.jws;675;20;45;200;562;9329;43,21;48,86;7,24
07838;GODOFREDO VIANA;3582;67,39;1733;32,61;1849;Eduardo Braide;https://resultados.tse.jus.br/oficial/ele2026/6259/dados/ma/ma07838-c0003-e006259-u.jws;486;21;20;151;326;5842;61,31;29,66;8,32
07854;GONÇALVES DIAS;4145;43,85;5307;56,15;-1162;Orleans Brandão;https://resultados.tse.jus.br/oficial/ele2026/6259/dados/ma/ma07854-c0003-e006259-u.jws;499;21;17;115;418;9989;41,50;53,13;5,00
07870;GOVERNADOR ARCHER;2629;45,59;3138;54,41;-509;Orleans Brandão;https://resultados.tse.jus.br/oficial/ele2026/6259/dados/ma/ma07870-c0003-e006259-u.jws;305;7;18;78;233;6097;43,12;51,47;5,00
07609;GOVERNADOR EDISON LOBÃO;5856;57,42;4342;42,58;1514;Eduardo Braide;https://resultados.tse.jus.br/oficial/ele2026/6259/dados/ma/ma07609-c0003-e006259-u.jws;1069;51;272;278;561;11590;50,53;37,46;9,22
07897;GOVERNADOR EUGÊNIO BARROS;2344;31,79;5029;68,21;-2685;Orleans Brandão;https://resultados.tse.jus.br/oficial/ele2026/6259/dados/ma/ma07897-c0003-e006259-u.jws;650;21;31;130;304;8075;29,03;62,28;8,05
07625;GOVERNADOR LUIZ ROCHA;1895;41,89;2629;58,11;-734;Orleans Brandão;https://resultados.tse.jus.br/oficial/ele2026/6259/dados/ma/ma07625-c0003-e006259-u.jws;215;14;22;107;251;4775;39,69;55,06;4,50
07641;GOVERNADOR NEWTON BELLO;2682;51,06;2571;48,94;111;Eduardo Braide;https://resultados.tse.jus.br/oficial/ele2026/6259/dados/ma/ma07641-c0003-e006259-u.jws;554;5;21;76;272;5833;45,98;44,08;9,50
07668;GOVERNADOR NUNES FREIRE;8929;82,26;1925;17,74;7004;Eduardo Braide;https://resultados.tse.jus.br/oficial/ele2026/6259/dados/ma/ma07668-c0003-e006259-u.jws;1977;27;89;220;660;12947;68,97;14,87;15,27
07935;GRAJAÚ;21865;62,54;13099;37,46;8766;Eduardo Braide;https://resultados.tse.jus.br/oficial/ele2026/6259/dados/ma/ma07935-c0003-e006259-u.jws;3721;129;666;867;1855;39480;55,38;33,18;9,43
07919;GRAÇA ARANHA;1804;38,93;2830;61,07;-1026;Orleans Brandão;https://resultados.tse.jus.br/oficial/ele2026/6259/dados/ma/ma07919-c0003-e006259-u.jws;240;7;15;71;164;4896;36,85;57,80;4,90
07951;GUIMARÃES;2963;46,51;3407;53,49;-444;Orleans Brandão;https://resultados.tse.jus.br/oficial/ele2026/6259/dados/ma/ma07951-c0003-e006259-u.jws;527;18;14;219;371;6929;42,76;49,17;7,61
07978;HUMBERTO DE CAMPOS;11215;71,58;4452;28,42;6763;Eduardo Braide;https://resultados.tse.jus.br/oficial/ele2026/6259/dados/ma/ma07978-c0003-e006259-u.jws;1803;24;51;258;767;17545;63,92;25,37;10,28
07994;ICATU;9158;54,11;7766;45,89;1392;Eduardo Braide;https://resultados.tse.jus.br/oficial/ele2026/6259/dados/ma/ma07994-c0003-e006259-u.jws;1454;31;54;251;553;18463;49,60;42,06;7,88
07684;IGARAPÉ DO MEIO;3457;50,59;3377;49,41;80;Eduardo Braide;https://resultados.tse.jus.br/oficial/ele2026/6259/dados/ma/ma07684-c0003-e006259-u.jws;1089;13;88;215;348;8024;43,08;42,09;13,57
08010;IGARAPÉ GRANDE;3074;49,56;3128;50,44;-54;Orleans Brandão;https://resultados.tse.jus.br/oficial/ele2026/6259/dados/ma/ma08010-c0003-e006259-u.jws;374;19;57;106;357;6652;46,21;47,02;5,62
08036;IMPERATRIZ;76613;64,40;42343;35,60;34270;Eduardo Braide;https://resultados.tse.jus.br/oficial/ele2026/6259/dados/ma/ma08036-c0003-e006259-u.jws;15991;1087;10323;4926;6709;146357;52,35;28,93;10,93
07706;ITAIPAVA DO GRAJAÚ;5704;76,19;1783;23,81;3921;Eduardo Braide;https://resultados.tse.jus.br/oficial/ele2026/6259/dados/ma/ma07706-c0003-e006259-u.jws;571;16;51;100;278;8125;70,20;21,94;7,03
08079;ITAPECURU MIRIM;20817;65,99;10730;34,01;10087;Eduardo Braide;https://resultados.tse.jus.br/oficial/ele2026/6259/dados/ma/ma08079-c0003-e006259-u.jws;3382;108;101;726;1372;35138;59,24;30,54;9,62
07722;ITINGA DO MARANHÃO;4632;40,98;6670;59,02;-2038;Orleans Brandão;https://resultados.tse.jus.br/oficial/ele2026/6259/dados/ma/ma07722-c0003-e006259-u.jws;845;51;821;334;869;13019;35,58;51,23;6,49
07749;JATOBÁ;1553;31,50;3377;68,50;-1824;Orleans Brandão;https://resultados.tse.jus.br/oficial/ele2026/6259/dados/ma/ma07749-c0003-e006259-u.jws;386;9;5;68;235;5330;29,14;63,36;7,24
07765;JENIPAPO DOS VIEIRAS;3714;42,25;5077;57,75;-1363;Orleans Brandão;https://resultados.tse.jus.br/oficial/ele2026/6259/dados/ma/ma07765-c0003-e006259-u.jws;1121;15;61;170;457;9988;37,18;50,83;11,22
08117;JOSELÂNDIA;4710;53,85;4037;46,15;673;Eduardo Braide;https://resultados.tse.jus.br/oficial/ele2026/6259/dados/ma/ma08117-c0003-e006259-u.jws;585;18;29;184;331;9379;50,22;43,04;6,24
08095;JOÃO LISBOA;6513;43,86;8336;56,14;-1823;Orleans Brandão;https://resultados.tse.jus.br/oficial/ele2026/6259/dados/ma/ma08095-c0003-e006259-u.jws;1464;65;460;390;802;16838;38,68;49,51;8,69
07781;JUNCO DO MARANHÃO;1725;55,75;1369;44,25;356;Eduardo Braide;https://resultados.tse.jus.br/oficial/ele2026/6259/dados/ma/ma07781-c0003-e006259-u.jws;551;4;8;86;147;3657;47,17;37,44;15,07
08133;LAGO DA PEDRA;13416;58,51;9513;41,49;3903;Eduardo Braide;https://resultados.tse.jus.br/oficial/ele2026/6259/dados/ma/ma08133-c0003-e006259-u.jws;1929;48;594;516;1351;25500;52,61;37,31;7,56
08150;LAGO DO JUNCO;1825;29,79;4302;70,21;-2477;Orleans Brandão;https://resultados.tse.jus.br/oficial/ele2026/6259/dados/ma/ma08150-c0003-e006259-u.jws;550;5;60;128;231;6742;27,07;63,81;8,16
07803;LAGO DOS RODRIGUES;2829;45,39;3403;54,61;-574;Orleans Brandão;https://resultados.tse.jus.br/oficial/ele2026/6259/dados/ma/ma07803-c0003-e006259-u.jws;426;20;42;79;218;6720;42,10;50,64;6,34
08176;LAGO VERDE;3794;48,57;4017;51,43;-223;Orleans Brandão;https://resultados.tse.jus.br/oficial/ele2026/6259/dados/ma/ma08176-c0003-e006259-u.jws;1319;22;43;163;268;9195;41,26;43,69;14,34
07820;LAGOA DO MATO;1976;34,19;3804;65,81;-1828;Orleans Brandão;https://resultados.tse.jus.br/oficial/ele2026/6259/dados/ma/ma07820-c0003-e006259-u.jws;392;7;9;69;339;6188;31,93;61,47;6,33
07846;LAGOA GRANDE DO MARANHÃO;3215;52,14;2951;47,86;264;Eduardo Braide;https://resultados.tse.jus.br/oficial/ele2026/6259/dados/ma/ma07846-c0003-e006259-u.jws;1178;21;32;106;315;7397;43,46;39,89;15,93
07862;LAJEADO NOVO;2870;59,10;1986;40,90;884;Eduardo Braide;https://resultados.tse.jus.br/oficial/ele2026/6259/dados/ma/ma07862-c0003-e006259-u.jws;297;9;67;47;245;5229;54,89;37,98;5,68
08192;LIMA CAMPOS;4700;62,48;2822;37,52;1878;Eduardo Braide;https://resultados.tse.jus.br/oficial/ele2026/6259/dados/ma/ma08192-c0003-e006259-u.jws;608;16;67;205;526;8213;57,23;34,36;7,40
08214;LORETO;2480;45,07;3023;54,93;-543;Orleans Brandão;https://resultados.tse.jus.br/oficial/ele2026/6259/dados/ma/ma08214-c0003-e006259-u.jws;946;15;46;109;397;6510;38,10;46,44;14,53
08230;LUÍS DOMINGUES;2132;57,16;1598;42,84;534;Eduardo Braide;https://resultados.tse.jus.br/oficial/ele2026/6259/dados/ma/ma08230-c0003-e006259-u.jws;627;11;28;119;249;4396;48,50;36,35;14,26
08257;MAGALHÃES DE ALMEIDA;5510;66,74;2746;33,26;2764;Eduardo Braide;https://resultados.tse.jus.br/oficial/ele2026/6259/dados/ma/ma08257-c0003-e006259-u.jws;791;24;44;268;472;9115;60,45;30,13;8,68
07889;MARACAÇUMÉ;6105;65,11;3271;34,89;2834;Eduardo Braide;https://resultados.tse.jus.br/oficial/ele2026/6259/dados/ma/ma07889-c0003-e006259-u.jws;1218;40;73;231;669;10707;57,02;30,55;11,38
07900;MARAJÁ DO SENA;2792;60,89;1793;39,11;999;Eduardo Braide;https://resultados.tse.jus.br/oficial/ele2026/6259/dados/ma/ma07900-c0003-e006259-u.jws;287;1;30;38;264;4903;56,94;36,57;5,85
07927;MARANHÃOZINHO;3564;69,23;1584;30,77;1980;Eduardo Braide;https://resultados.tse.jus.br/oficial/ele2026/6259/dados/ma/ma07927-c0003-e006259-u.jws;916;15;35;165;258;6114;58,29;25,91;14,98
08273;MATA ROMA;4546;41,35;6448;58,65;-1902;Orleans Brandão;https://resultados.tse.jus.br/oficial/ele2026/6259/dados/ma/ma08273-c0003-e006259-u.jws;1266;18;36;399;568;12314;36,92;52,36;10,28
08290;MATINHA;7238;51,06;6938;48,94;300;Eduardo Braide;https://resultados.tse.jus.br/oficial/ele2026/6259/dados/ma/ma08290-c0003-e006259-u.jws;1277;13;43;307;603;15509;46,67;44,74;8,23
08311;MATÕES;4977;27,63;13037;72,37;-8060;Orleans Brandão;https://resultados.tse.jus.br/oficial/ele2026/6259/dados/ma/ma08311-c0003-e006259-u.jws;1441;31;131;390;909;19617;25,37;66,46;7,35
07943;MATÕES DO NORTE;3316;66,69;1656;33,31;1660;Eduardo Braide;https://resultados.tse.jus.br/oficial/ele2026/6259/dados/ma/ma07943-c0003-e006259-u.jws;424;11;13;83;229;5420;61,18;30,55;7,82
07960;MILAGRES DO MARANHÃO;1747;37,15;2955;62,85;-1208;Orleans Brandão;https://resultados.tse.jus.br/oficial/ele2026/6259/dados/ma/ma07960-c0003-e006259-u.jws;430;10;9;88;172;5151;33,92;57,37;8,35
08338;MIRADOR;5352;44,73;6614;55,27;-1262;Orleans Brandão;https://resultados.tse.jus.br/oficial/ele2026/6259/dados/ma/ma08338-c0003-e006259-u.jws;768;12;26;146;515;12772;41,90;51,79;6,01
09695;MIRANDA DO NORTE;8316;71,99;3236;28,01;5080;Eduardo Braide;https://resultados.tse.jus.br/oficial/ele2026/6259/dados/ma/ma09695-c0003-e006259-u.jws;1119;30;38;245;448;12739;65,28;25,40;8,78
08354;MIRINZAL;4487;55,36;3618;44,64;869;Eduardo Braide;https://resultados.tse.jus.br/oficial/ele2026/6259/dados/ma/ma08354-c0003-e006259-u.jws;662;15;10;212;382;8792;51,04;41,15;7,53
08397;MONTES ALTOS;2496;50,75;2422;49,25;74;Eduardo Braide;https://resultados.tse.jus.br/oficial/ele2026/6259/dados/ma/ma08397-c0003-e006259-u.jws;730;14;70;88;259;5732;43,55;42,25;12,74
08370;MONÇÃO;8130;58,86;5682;41,14;2448;Eduardo Braide;https://resultados.tse.jus.br/oficial/ele2026/6259/dados/ma/ma08370-c0003-e006259-u.jws;1519;31;46;209;608;15408;52,76;36,88;9,86
08419;MORROS;6785;55,98;5336;44,02;1449;Eduardo Braide;https://resultados.tse.jus.br/oficial/ele2026/6259/dados/ma/ma08419-c0003-e006259-u.jws;1200;17;48;130;461;13386;50,69;39,86;8,96
08435;NINA RODRIGUES;3021;43,88;3863;56,12;-842;Orleans Brandão;https://resultados.tse.jus.br/oficial/ele2026/6259/dados/ma/ma08435-c0003-e006259-u.jws;970;19;14;57;341;7887;38,30;48,98;12,30
07986;NOVA COLINAS;1391;44,48;1736;55,52;-345;Orleans Brandão;https://resultados.tse.jus.br/oficial/ele2026/6259/dados/ma/ma07986-c0003-e006259-u.jws;229;22;30;53;225;3408;40,82;50,94;6,72
08451;NOVA IORQUE;1080;36,81;1854;63,19;-774;Orleans Brandão;https://resultados.tse.jus.br/oficial/ele2026/6259/dados/ma/ma08451-c0003-e006259-u.jws;199;6;4;24;118;3143;34,36;58,99;6,33
08001;NOVA OLINDA DO MARANHÃO;4867;61,75;3015;38,25;1852;Eduardo Braide;https://resultados.tse.jus.br/oficial/ele2026/6259/dados/ma/ma08001-c0003-e006259-u.jws;1679;19;38;196;559;9618;50,60;31,35;17,46
08478;OLHO D'ÁGUA DAS CUNHÃS;4905;51,45;4629;48,55;276;Eduardo Braide;https://resultados.tse.jus.br/oficial/ele2026/6259/dados/ma/ma08478-c0003-e006259-u.jws;993;37;61;323;654;10625;46,16;43,57;9,35
08028;OLINDA NOVA DO MARANHÃO;4926;66,95;2432;33,05;2494;Eduardo Braide;https://resultados.tse.jus.br/oficial/ele2026/6259/dados/ma/ma08028-c0003-e006259-u.jws;736;10;5;109;326;8109;60,75;29,99;9,08
08516;PALMEIRÂNDIA;6185;56,51;4759;43,49;1426;Eduardo Braide;https://resultados.tse.jus.br/oficial/ele2026/6259/dados/ma/ma08516-c0003-e006259-u.jws;1058;17;22;252;451;12041;51,37;39,52;8,79
08532;PARAIBANO;3869;39,76;5863;60,24;-1994;Orleans Brandão;https://resultados.tse.jus.br/oficial/ele2026/6259/dados/ma/ma08532-c0003-e006259-u.jws;769;16;25;141;468;10542;36,70;55,62;7,29
08559;PARNARAMA;5972;37,81;9822;62,19;-3850;Orleans Brandão;https://resultados.tse.jus.br/oficial/ele2026/6259/dados/ma/ma08559-c0003-e006259-u.jws;2207;41;99;500;1330;18141;32,92;54,14;12,17
08575;PASSAGEM FRANCA;4965;50,95;4780;49,05;185;Eduardo Braide;https://resultados.tse.jus.br/oficial/ele2026/6259/dados/ma/ma08575-c0003-e006259-u.jws;723;23;44;183;760;10535;47,13;45,37;6,86
08591;PASTOS BONS;5252;50,71;5105;49,29;147;Eduardo Braide;https://resultados.tse.jus.br/oficial/ele2026/6259/dados/ma/ma08591-c0003-e006259-u.jws;824;22;29;211;526;11232;46,76;45,45;7,34
08044;PAULINO NEVES;5708;50,66;5559;49,34;149;Eduardo Braide;https://resultados.tse.jus.br/oficial/ele2026/6259/dados/ma/ma08044-c0003-e006259-u.jws;611;26;23;123;357;11927;47,86;46,61;5,12
09598;PAULO RAMOS;5537;49,36;5680;50,64;-143;Orleans Brandão;https://resultados.tse.jus.br/oficial/ele2026/6259/dados/ma/ma09598-c0003-e006259-u.jws;772;20;73;192;701;12082;45,83;47,01;6,39
08494;PAÇO DO LUMIAR;44788;68,68;20423;31,32;24365;Eduardo Braide;https://resultados.tse.jus.br/oficial/ele2026/6259/dados/ma/ma08494-c0003-e006259-u.jws;6533;351;686;2066;2218;72781;61,54;28,06;8,98
08613;PEDREIRAS;10255;54,15;8684;45,85;1571;Eduardo Braide;https://resultados.tse.jus.br/oficial/ele2026/6259/dados/ma/ma08613-c0003-e006259-u.jws;2220;93;283;591;936;21535;47,62;40,33;10,31
08060;PEDRO DO ROSÁRIO;6469;56,42;4996;43,58;1473;Eduardo Braide;https://resultados.tse.jus.br/oficial/ele2026/6259/dados/ma/ma08060-c0003-e006259-u.jws;1452;17;36;148;632;12970;49,88;38,52;11,20
08630;PENALVA;6991;43,22;9184;56,78;-2193;Orleans Brandão;https://resultados.tse.jus.br/oficial/ele2026/6259/dados/ma/ma08630-c0003-e006259-u.jws;2157;29;38;230;677;18399;38,00;49,92;11,72
08656;PERI MIRIM;4381;56,54;3368;43,46;1013;Eduardo Braide;https://resultados.tse.jus.br/oficial/ele2026/6259/dados/ma/ma08656-c0003-e006259-u.jws;708;8;12;211;367;8477;51,68;39,73;8,35
08087;PERITORÓ;5057;47,47;5596;52,53;-539;Orleans Brandão;https://resultados.tse.jus.br/oficial/ele2026/6259/dados/ma/ma08087-c0003-e006259-u.jws;944;26;34;198;750;11657;43,38;48,01;8,10
08672;PINDARÉ-MIRIM;8492;53,61;7348;46,39;1144;Eduardo Braide;https://resultados.tse.jus.br/oficial/ele2026/6259/dados/ma/ma08672-c0003-e006259-u.jws;2312;59;189;679;775;18400;46,15;39,93;12,57
08699;PINHEIRO;27794;68,56;12746;31,44;15048;Eduardo Braide;https://resultados.tse.jus.br/oficial/ele2026/6259/dados/ma/ma08699-c0003-e006259-u.jws;4241;110;261;1166;1846;45152;61,56;28,23;9,39
08710;PIO XII;4854;39,52;7429;60,48;-2575;Orleans Brandão;https://resultados.tse.jus.br/oficial/ele2026/6259/dados/ma/ma08710-c0003-e006259-u.jws;1581;46;141;309;708;14051;34,55;52,87;11,25
08737;PIRAPEMAS;5148;61,89;3170;38,11;1978;Eduardo Braide;https://resultados.tse.jus.br/oficial/ele2026/6259/dados/ma/ma08737-c0003-e006259-u.jws;643;20;7;141;423;8988;57,28;35,27;7,15
08770;PORTO FRANCO;7760;61,54;4849;38,46;2911;Eduardo Braide;https://resultados.tse.jus.br/oficial/ele2026/6259/dados/ma/ma08770-c0003-e006259-u.jws;1172;54;365;375;631;14200;54,65;34,15;8,25
08109;PORTO RICO DO MARANHÃO;3130;65,22;1669;34,78;1461;Eduardo Braide;https://resultados.tse.jus.br/oficial/ele2026/6259/dados/ma/ma08109-c0003-e006259-u.jws;277;4;5;109;131;5085;61,55;32,82;5,45
08753;POÇÃO DE PEDRAS;3971;40,99;5717;59,01;-1746;Orleans Brandão;https://resultados.tse.jus.br/oficial/ele2026/6259/dados/ma/ma08753-c0003-e006259-u.jws;1057;24;97;262;583;10866;36,55;52,61;9,73
08796;PRESIDENTE DUTRA;13150;55,86;10393;44,14;2757;Eduardo Braide;https://resultados.tse.jus.br/oficial/ele2026/6259/dados/ma/ma08796-c0003-e006259-u.jws;1682;80;178;506;1178;25483;51,60;40,78;6,60
08818;PRESIDENTE JUSCELINO;2802;41,19;4000;58,81;-1198;Orleans Brandão;https://resultados.tse.jus.br/oficial/ele2026/6259/dados/ma/ma08818-c0003-e006259-u.jws;664;11;21;64;262;7498;37,37;53,35;8,86
08125;PRESIDENTE MÉDICI;1456;35,50;2645;64,50;-1189;Orleans Brandão;https://resultados.tse.jus.br/oficial/ele2026/6259/dados/ma/ma08125-c0003-e006259-u.jws;260;7;11;39;174;4379;33,25;60,40;5,94
08141;PRESIDENTE SARNEY;6404;62,94;3770;37,06;2634;Eduardo Braide;https://resultados.tse.jus.br/oficial/ele2026/6259/dados/ma/ma08141-c0003-e006259-u.jws;777;28;52;153;390;11031;58,05;34,18;7,04
08834;PRESIDENTE VARGAS;3860;63,88;2183;36,12;1677;Eduardo Braide;https://resultados.tse.jus.br/oficial/ele2026/6259/dados/ma/ma08834-c0003-e006259-u.jws;1703;27;20;93;306;7793;49,53;28,01;21,85
08850;PRIMEIRA CRUZ;4731;58,50;3356;41,50;1375;Eduardo Braide;https://resultados.tse.jus.br/oficial/ele2026/6259/dados/ma/ma08850-c0003-e006259-u.jws;647;10;14;107;355;8758;54,02;38,32;7,39
08168;RAPOSA;12053;68,40;5568;31,60;6485;Eduardo Braide;https://resultados.tse.jus.br/oficial/ele2026/6259/dados/ma/ma08168-c0003-e006259-u.jws;1458;76;141;503;667;19296;62,46;28,86;7,56
08877;RIACHÃO;5072;46,04;5945;53,96;-873;Orleans Brandão;https://resultados.tse.jus.br/oficial/ele2026/6259/dados/ma/ma08877-c0003-e006259-u.jws;1209;21;136;209;706;12383;40,96;48,01;9,76
08184;RIBAMAR FIQUENE;2347;55,93;1849;44,07;498;Eduardo Braide;https://resultados.tse.jus.br/oficial/ele2026/6259/dados/ma/ma08184-c0003-e006259-u.jws;472;11;68;69;204;4747;49,44;38,95;9,94
08915;ROSÁRIO;15504;67,58;7437;32,42;8067;Eduardo Braide;https://resultados.tse.jus.br/oficial/ele2026/6259/dados/ma/ma08915-c0003-e006259-u.jws;1769;55;50;518;741;24815;62,48;29,97;7,13
08931;SAMBAÍBA;1627;42,66;2187;57,34;-560;Orleans Brandão;https://resultados.tse.jus.br/oficial/ele2026/6259/dados/ma/ma08931-c0003-e006259-u.jws;299;3;38;45;203;4154;39,17;52,65;7,20
08206;SANTA FILOMENA DO MARANHÃO;1942;45,13;2361;54,87;-419;Orleans Brandão;https://resultados.tse.jus.br/oficial/ele2026/6259/dados/ma/ma08206-c0003-e006259-u.jws;387;4;20;111;190;4714;41,20;50,08;8,21
08958;SANTA HELENA;9456;59,04;6559;40,96;2897;Eduardo Braide;https://resultados.tse.jus.br/oficial/ele2026/6259/dados/ma/ma08958-c0003-e006259-u.jws;1209;28;57;251;658;17309;54,63;37,89;6,98
09571;SANTA INÊS;28555;72,36;10907;27,64;17648;Eduardo Braide;https://resultados.tse.jus.br/oficial/ele2026/6259/dados/ma/ma09571-c0003-e006259-u.jws;6577;214;883;1881;2010;47136;60,58;23,14;13,95
08974;SANTA LUZIA;15743;54,77;13002;45,23;2741;Eduardo Braide;https://resultados.tse.jus.br/oficial/ele2026/6259/dados/ma/ma08974-c0003-e006259-u.jws;3361;94;368;737;1784;32568;48,34;39,92;10,32
09652;SANTA LUZIA DO PARUÁ;7288;66,58;3659;33,42;3629;Eduardo Braide;https://resultados.tse.jus.br/oficial/ele2026/6259/dados/ma/ma09652-c0003-e006259-u.jws;1289;40;117;428;569;12393;58,81;29,52;10,40
08990;SANTA QUITÉRIA DO MARANHÃO;7117;49,56;7243;50,44;-126;Orleans Brandão;https://resultados.tse.jus.br/oficial/ele2026/6259/dados/ma/ma08990-c0003-e006259-u.jws;1041;40;62;396;874;15503;45,91;46,72;6,71
09016;SANTA RITA;11113;61,48;6962;38,52;4151;Eduardo Braide;https://resultados.tse.jus.br/oficial/ele2026/6259/dados/ma/ma09016-c0003-e006259-u.jws;1926;26;43;643;765;20070;55,37;34,69;9,60
08222;SANTANA DO MARANHÃO;3623;66,91;1792;33,09;1831;Eduardo Braide;https://resultados.tse.jus.br/oficial/ele2026/6259/dados/ma/ma08222-c0003-e006259-u.jws;448;10;12;84;280;5885;61,56;30,45;7,61
08249;SANTO AMARO DO MARANHÃO;6503;68,79;2951;31,21;3552;Eduardo Braide;https://resultados.tse.jus.br/oficial/ele2026/6259/dados/ma/ma08249-c0003-e006259-u.jws;851;16;27;158;414;10348;62,84;28,52;8,22
09032;SANTO ANTÔNIO DOS LOPES;5922;53,79;5088;46,21;834;Eduardo Braide;https://resultados.tse.jus.br/oficial/ele2026/6259/dados/ma/ma09032-c0003-e006259-u.jws;741;59;83;218;607;11893;49,79;42,78;6,23
08460;SATUBINHA;2739;52,93;2436;47,07;303;Eduardo Braide;https://resultados.tse.jus.br/oficial/ele2026/6259/dados/ma/ma08460-c0003-e006259-u.jws;446;15;22;112;328;5658;48,41;43,05;7,88
08486;SENADOR ALEXANDRE COSTA;2149;40,22;3194;59,78;-1045;Orleans Brandão;https://resultados.tse.jus.br/oficial/ele2026/6259/dados/ma/ma08486-c0003-e006259-u.jws;587;10;40;142;302;5980;35,94;53,41;9,82
08508;SENADOR LA ROCQUE;3953;48,69;4165;51,31;-212;Orleans Brandão;https://resultados.tse.jus.br/oficial/ele2026/6259/dados/ma/ma08508-c0003-e006259-u.jws;945;29;173;203;433;9265;42,67;44,95;10,20
08524;SERRANO DO MARANHÃO;2694;49,39;2761;50,61;-67;Orleans Brandão;https://resultados.tse.jus.br/oficial/ele2026/6259/dados/ma/ma08524-c0003-e006259-u.jws;1129;8;6;182;281;6598;40,83;41,85;17,11
09318;SUCUPIRA DO NORTE;2629;41,57;3695;58,43;-1066;Orleans Brandão;https://resultados.tse.jus.br/oficial/ele2026/6259/dados/ma/ma09318-c0003-e006259-u.jws;327;7;16;66;223;6674;39,39;55,36;4,90
08540;SUCUPIRA DO RIACHÃO;1710;53,98;1458;46,02;252;Eduardo Braide;https://resultados.tse.jus.br/oficial/ele2026/6259/dados/ma/ma08540-c0003-e006259-u.jws;222;7;4;62;214;3401;50,28;42,87;6,53
09059;SÃO BENEDITO DO RIO PRETO;6079;52,37;5528;47,63;551;Eduardo Braide;https://resultados.tse.jus.br/oficial/ele2026/6259/dados/ma/ma09059-c0003-e006259-u.jws;979;16;19;196;452;12621;48,17;43,80;7,76
09075;SÃO BENTO;8653;45,75;10262;54,25;-1609;Orleans Brandão;https://resultados.tse.jus.br/oficial/ele2026/6259/dados/ma/ma09075-c0003-e006259-u.jws;1409;32;58;505;740;20414;42,39;50,27;6,90
09091;SÃO BERNARDO;8447;58,51;5990;41,49;2457;Eduardo Braide;https://resultados.tse.jus.br/oficial/ele2026/6259/dados/ma/ma09091-c0003-e006259-u.jws;1244;52;81;388;936;15814;53,41;37,88;7,87
08265;SÃO DOMINGOS DO AZEITÃO;3130;63,22;1821;36,78;1309;Eduardo Braide;https://resultados.tse.jus.br/oficial/ele2026/6259/dados/ma/ma08265-c0003-e006259-u.jws;317;4;37;61;264;5309;58,96;34,30;5,97
09113;SÃO DOMINGOS DO MARANHÃO;8227;41,77;11471;58,23;-3244;Orleans Brandão;https://resultados.tse.jus.br/oficial/ele2026/6259/dados/ma/ma09113-c0003-e006259-u.jws;1298;58;100;588;1400;21154;38,89;54,23;6,14
08281;SÃO FRANCISCO DO BREJÃO;2360;46,20;2748;53,80;-388;Orleans Brandão;https://resultados.tse.jus.br/oficial/ele2026/6259/dados/ma/ma08281-c0003-e006259-u.jws;681;11;220;138;324;6020;39,20;45,65;11,31
09156;SÃO FRANCISCO DO MARANHÃO;3370;57,70;2471;42,30;899;Eduardo Braide;https://resultados.tse.jus.br/oficial/ele2026/6259/dados/ma/ma09156-c0003-e006259-u.jws;643;18;25;280;439;6527;51,63;37,86;9,85
09130;SÃO FÉLIX DE BALSAS;1475;54,03;1255;45,97;220;Eduardo Braide;https://resultados.tse.jus.br/oficial/ele2026/6259/dados/ma/ma09130-c0003-e006259-u.jws;294;2;35;36;200;3061;48,19;41,00;9,60
08893;SÃO JOSÉ DE RIBAMAR;71690;76,55;21961;23,45;49729;Eduardo Braide;https://resultados.tse.jus.br/oficial/ele2026/6259/dados/ma/ma08893-c0003-e006259-u.jws;8695;429;807;2787;3246;103582;69,21;21,20;8,39
08362;SÃO JOSÉ DOS BASÍLIOS;1455;30,81;3267;69,19;-1812;Orleans Brandão;https://resultados.tse.jus.br/oficial/ele2026/6259/dados/ma/ma08362-c0003-e006259-u.jws;241;13;9;47;155;4985;29,19;65,54;4,83
09172;SÃO JOÃO BATISTA;5450;41,57;7661;58,43;-2211;Orleans Brandão;https://resultados.tse.jus.br/oficial/ele2026/6259/dados/ma/ma09172-c0003-e006259-u.jws;1346;16;21;198;395;14494;37,60;52,86;9,29
08303;SÃO JOÃO DO CARÚ;4309;73,02;1592;26,98;2717;Eduardo Braide;https://resultados.tse.jus.br/oficial/ele2026/6259/dados/ma/ma08303-c0003-e006259-u.jws;1043;18;30;90;354;6992;61,63;22,77;14,92
08320;SÃO JOÃO DO PARAÍSO;3029;48,27;3246;51,73;-217;Orleans Brandão;https://resultados.tse.jus.br/oficial/ele2026/6259/dados/ma/ma08320-c0003-e006259-u.jws;414;7;125;107;317;6821;44,41;47,59;6,07
08346;SÃO JOÃO DO SOTER;3074;33,70;6047;66,30;-2973;Orleans Brandão;https://resultados.tse.jus.br/oficial/ele2026/6259/dados/ma/ma08346-c0003-e006259-u.jws;1164;26;33;183;441;10344;29,72;58,46;11,25
09199;SÃO JOÃO DOS PATOS;7390;56,06;5793;43,94;1597;Eduardo Braide;https://resultados.tse.jus.br/oficial/ele2026/6259/dados/ma/ma09199-c0003-e006259-u.jws;1087;38;72;493;678;14380;51,39;40,29;7,56
09210;SÃO LUÍS;467634;83,87;89914;16,13;377720;Eduardo Braide;https://resultados.tse.jus.br/oficial/ele2026/6259/dados/ma/ma09210-c0003-e006259-u.jws;49297;3845;5249;9899;15005;615939;75,92;14,60;8,00
08052;SÃO LUÍS GONZAGA DO MARANHÃO;4790;47,05;5390;52,95;-600;Orleans Brandão;https://resultados.tse.jus.br/oficial/ele2026/6259/dados/ma/ma08052-c0003-e006259-u.jws;1843;29;44;367;572;12096;39,60;44,56;15,24
09237;SÃO MATEUS DO MARANHÃO;10524;53,67;9085;46,33;1439;Eduardo Braide;https://resultados.tse.jus.br/oficial/ele2026/6259/dados/ma/ma09237-c0003-e006259-u.jws;1639;58;71;367;1006;21377;49,23;42,50;7,67
08389;SÃO PEDRO DA ÁGUA BRANCA;2314;40,80;3357;59,20;-1043;Orleans Brandão;https://resultados.tse.jus.br/oficial/ele2026/6259/dados/ma/ma08389-c0003-e006259-u.jws;861;20;133;121;359;6685;34,61;50,22;12,88
08400;SÃO PEDRO DOS CRENTES;1930;55,76;1531;44,24;399;Eduardo Braide;https://resultados.tse.jus.br/oficial/ele2026/6259/dados/ma/ma08400-c0003-e006259-u.jws;149;3;36;39;211;3649;52,89;41,96;4,08
09253;SÃO RAIMUNDO DAS MANGABEIRAS;4984;48,17;5362;51,83;-378;Orleans Brandão;https://resultados.tse.jus.br/oficial/ele2026/6259/dados/ma/ma09253-c0003-e006259-u.jws;1268;38;88;295;626;11740;42,45;45,67;10,80
08427;SÃO RAIMUNDO DO DOCA BEZERRA;1443;45,49;1729;54,51;-286;Orleans Brandão;https://resultados.tse.jus.br/oficial/ele2026/6259/dados/ma/ma08427-c0003-e006259-u.jws;498;7;31;130;186;3708;38,92;46,63;13,43
08443;SÃO ROBERTO;1122;35,56;2033;64,44;-911;Orleans Brandão;https://resultados.tse.jus.br/oficial/ele2026/6259/dados/ma/ma08443-c0003-e006259-u.jws;243;2;6;35;124;3406;32,94;59,69;7,13
09270;SÃO VICENTE FERRER;6413;65,14;3432;34,86;2981;Eduardo Braide;https://resultados.tse.jus.br/oficial/ele2026/6259/dados/ma/ma09270-c0003-e006259-u.jws;1603;20;40;279;513;11508;55,73;29,82;13,93
09296;SÍTIO NOVO;5928;57,73;4341;42,27;1587;Eduardo Braide;https://resultados.tse.jus.br/oficial/ele2026/6259/dados/ma/ma09296-c0003-e006259-u.jws;885;19;126;138;490;11299;52,46;38,42;7,83
09334;TASSO FRAGOSO;1850;39,47;2837;60,53;-987;Orleans Brandão;https://resultados.tse.jus.br/oficial/ele2026/6259/dados/ma/ma09334-c0003-e006259-u.jws;366;12;68;97;363;5133;36,04;55,27;7,13
09350;TIMBIRAS;6294;49,68;6376;50,32;-82;Orleans Brandão;https://resultados.tse.jus.br/oficial/ele2026/6259/dados/ma/ma09350-c0003-e006259-u.jws;1704;45;39;232;793;14458;43,53;44,10;11,79
09377;TIMON;35258;43,00;46739;57,00;-11481;Orleans Brandão;https://resultados.tse.jus.br/oficial/ele2026/6259/dados/ma/ma09377-c0003-e006259-u.jws;9032;603;1645;5858;6130;93277;37,80;50,11;9,68
08567;TRIZIDELA DO VALE;6229;55,07;5082;44,93;1147;Eduardo Braide;https://resultados.tse.jus.br/oficial/ele2026/6259/dados/ma/ma08567-c0003-e006259-u.jws;1369;71;118;403;623;12869;48,40;39,49;10,64
08583;TUFILÂNDIA;1946;51,54;1830;48,46;116;Eduardo Braide;https://resultados.tse.jus.br/oficial/ele2026/6259/dados/ma/ma08583-c0003-e006259-u.jws;384;9;47;65;228;4216;46,16;43,41;9,11
09393;TUNTUM;6995;37,08;11868;62,92;-4873;Orleans Brandão;https://resultados.tse.jus.br/oficial/ele2026/6259/dados/ma/ma09393-c0003-e006259-u.jws;1763;44;125;674;1102;20795;33,64;57,07;8,48
09415;TURIAÇU;11701;56,60;8971;43,40;2730;Eduardo Braide;https://resultados.tse.jus.br/oficial/ele2026/6259/dados/ma/ma09415-c0003-e006259-u.jws;1119;21;35;200;713;21847;53,56;41,06;5,12
08605;TURILÂNDIA;8056;80,76;1919;19,24;6137;Eduardo Braide;https://resultados.tse.jus.br/oficial/ele2026/6259/dados/ma/ma08605-c0003-e006259-u.jws;1049;23;38;173;467;11085;72,67;17,31;9,46
09431;TUTÓIA;14066;50,52;13774;49,48;292;Eduardo Braide;https://resultados.tse.jus.br/oficial/ele2026/6259/dados/ma/ma09431-c0003-e006259-u.jws;3193;101;136;1023;1621;31270;44,98;44,05;10,21
09458;URBANO SANTOS;7076;41,04;10167;58,96;-3091;Orleans Brandão;https://resultados.tse.jus.br/oficial/ele2026/6259/dados/ma/ma09458-c0003-e006259-u.jws;1872;34;26;362;799;19175;36,90;53,02;9,76
09474;VARGEM GRANDE;13601;63,08;7960;36,92;5641;Eduardo Braide;https://resultados.tse.jus.br/oficial/ele2026/6259/dados/ma/ma09474-c0003-e006259-u.jws;2107;72;79;334;1323;23819;57,10;33,42;8,85
09490;VIANA;17862;66,05;9180;33,95;8682;Eduardo Braide;https://resultados.tse.jus.br/oficial/ele2026/6259/dados/ma/ma09490-c0003-e006259-u.jws;2341;59;73;435;1092;29515;60,52;31,10;7,93
08621;VILA NOVA DOS MARTÍRIOS;2612;48,13;2815;51,87;-203;Orleans Brandão;https://resultados.tse.jus.br/oficial/ele2026/6259/dados/ma/ma08621-c0003-e006259-u.jws;668;17;117;136;306;6229;41,93;45,19;10,72
09539;VITORINO FREIRE;10216;68,42;4716;31,58;5500;Eduardo Braide;https://resultados.tse.jus.br/oficial/ele2026/6259/dados/ma/ma09539-c0003-e006259-u.jws;1772;44;170;566;984;16918;60,39;27,88;10,47
09512;VITÓRIA DO MEARIM;11097;71,07;4517;28,93;6580;Eduardo Braide;https://resultados.tse.jus.br/oficial/ele2026/6259/dados/ma/ma09512-c0003-e006259-u.jws;2349;28;173;481;692;18164;61,09;24,87;12,93
09717;ZÉ DOCA;12280;63,69;7000;36,31;5280;Eduardo Braide;https://resultados.tse.jus.br/oficial/ele2026/6259/dados/ma/ma09717-c0003-e006259-u.jws;4394;75;226;714;1206;23975;51,22;29,20;18,33
07005;ÁGUA DOCE DO MARANHÃO;3345;46,67;3822;53,33;-477;Orleans Brandão;https://resultados.tse.jus.br/oficial/ele2026/6259/dados/ma/ma07005-c0003-e006259-u.jws;783;22;45;236;462;8017;41,72;47,67;9,77
